{
    "loss": 0.32491394877433777,
    "accuracy": 0.9482758641242981
}